{"cameraMode":{"drawMode":0,"name":"Shaded","section":"Shading Mode"},"sceneLighting":true,"audioPlay":false,"sceneViewState":{"showFog":true,"showMaterialUpdate":false,"showSkybox":true,"showFlares":true,"showImageEffects":true,"showParticleSystems":true},"in2DMode":false,"pivot":{"x":-17.506189346313478,"y":13.261199951171875,"z":-4.5686516761779789},"rotation":{"x":-0.06500118225812912,"y":-0.8013748526573181,"z":0.5879845023155212,"w":-0.08859147876501084},"size":0.6173208951950073,"orthographic":false}