{"cameraMode":{"drawMode":0,"name":"Shaded","section":"Shading Mode"},"sceneLighting":true,"audioPlay":false,"sceneViewState":{"showFog":true,"showMaterialUpdate":false,"showSkybox":true,"showFlares":true,"showImageEffects":true,"showParticleSystems":true},"in2DMode":false,"pivot":{"x":46.60780334472656,"y":973.6097412109375,"z":880.7567749023438},"rotation":{"x":0.25011786818504336,"y":0.6091184616088867,"z":-0.21049074828624726,"w":0.7226674556732178},"size":10919.62890625,"orthographic":false}