{"cameraMode":{"drawMode":0,"name":"Shaded","section":"Shading Mode"},"sceneLighting":false,"audioPlay":false,"sceneViewState":{"showFog":true,"showMaterialUpdate":false,"showSkybox":false,"showFlares":true,"showImageEffects":true,"showParticleSystems":true},"in2DMode":false,"pivot":{"x":1.862645149230957e-8,"y":-0.028098106384277345,"z":-0.05924779921770096},"rotation":{"x":0.04358295351266861,"y":0.9435011148452759,"z":-0.13861316442489625,"w":0.2980722188949585},"size":0.0731034129858017,"orthographic":false}