{"cameraMode":{"drawMode":0,"name":"Shaded","section":"Shading Mode"},"sceneLighting":true,"audioPlay":false,"sceneViewState":{"showFog":true,"showMaterialUpdate":false,"showSkybox":false,"showFlares":true,"showImageEffects":true,"showParticleSystems":true},"in2DMode":false,"pivot":{"x":8.062966346740723,"y":2.039095640182495,"z":-9.538835525512696},"rotation":{"x":0.051789022982120517,"y":-0.7732480764389038,"z":0.6288784146308899,"w":0.06336933374404907},"size":59.878639221191409,"orthographic":false}