{"cameraMode":{"drawMode":0,"name":"Shaded","section":"Shading Mode"},"sceneLighting":true,"audioPlay":false,"sceneViewState":{"showFog":true,"showMaterialUpdate":false,"showSkybox":true,"showFlares":true,"showImageEffects":true,"showParticleSystems":true},"in2DMode":false,"pivot":{"x":-1831.675537109375,"y":6237.50927734375,"z":5398.20947265625},"rotation":{"x":-0.18174178898334504,"y":-0.6301656365394592,"z":-0.15499873459339143,"w":0.7388222813606262},"size":4.309168338775635,"orthographic":false}