{"cameraMode":{"drawMode":0,"name":"Shaded","section":"Shading Mode"},"sceneLighting":true,"audioPlay":false,"sceneViewState":{"showFog":true,"showMaterialUpdate":true,"showSkybox":true,"showFlares":true,"showImageEffects":true,"showParticleSystems":true},"in2DMode":false,"pivot":{"x":-53.158935546875,"y":7.053426742553711,"z":0.0032986775040626528},"rotation":{"x":0.2710493206977844,"y":-0.7214686274528503,"z":0.3846642076969147,"w":0.508066713809967},"size":7.153504848480225,"orthographic":false}