{"cameraMode":{"drawMode":0,"name":"Shaded","section":"Shading Mode"},"sceneLighting":true,"audioPlay":false,"sceneViewState":{"showFog":true,"showMaterialUpdate":true,"showSkybox":true,"showFlares":true,"showImageEffects":true,"showParticleSystems":true},"in2DMode":false,"pivot":{"x":0.2719200551509857,"y":2.0403199195861818,"z":0.004979968070983887},"rotation":{"x":-0.2392834722995758,"y":-0.666138768196106,"z":0.24025698006153108,"w":-0.664432168006897},"size":10.0,"orthographic":false}