{"cameraMode":{"drawMode":0,"name":"Shaded","section":"Shading Mode"},"sceneLighting":true,"audioPlay":false,"sceneViewState":{"showFog":true,"showMaterialUpdate":true,"showSkybox":true,"showFlares":true,"showImageEffects":true,"showParticleSystems":true},"in2DMode":false,"pivot":{"x":-32.125457763671878,"y":-23.525367736816408,"z":-10.275981903076172},"rotation":{"x":0.29339033365249636,"y":0.6820365786552429,"z":-0.3507547378540039,"w":0.5708037614822388},"size":52.97254180908203,"orthographic":false}