{"cameraMode":{"drawMode":0,"name":"Shaded","section":"Shading Mode"},"sceneLighting":false,"audioPlay":false,"sceneViewState":{"showFog":true,"showMaterialUpdate":true,"showSkybox":false,"showFlares":true,"showImageEffects":true,"showParticleSystems":true},"in2DMode":false,"pivot":{"x":-2.843029260635376,"y":-1.4757189750671387,"z":-1.9168879985809327},"rotation":{"x":0.11304663866758347,"y":-0.8108570575714111,"z":0.1667143851518631,"w":0.549534797668457},"size":3.884230136871338,"orthographic":false}