{"cameraMode":{"drawMode":0,"name":"Shaded","section":"Shading Mode"},"sceneLighting":true,"audioPlay":false,"sceneViewState":{"showFog":true,"showMaterialUpdate":true,"showSkybox":true,"showFlares":true,"showImageEffects":true,"showParticleSystems":true},"in2DMode":false,"pivot":{"x":-55.38795852661133,"y":8.349390029907227,"z":2.5540409088134767},"rotation":{"x":0.4135483205318451,"y":0.48470813035964968,"z":-0.2790682315826416,"w":0.71848464012146},"size":12.415741920471192,"orthographic":false}