{"cameraMode":{"drawMode":0,"name":"Shaded","section":"Shading Mode"},"sceneLighting":true,"audioPlay":false,"sceneViewState":{"showFog":true,"showMaterialUpdate":true,"showSkybox":false,"showFlares":true,"showImageEffects":true,"showParticleSystems":true},"in2DMode":false,"pivot":{"x":8.062966346740723,"y":2.039095640182495,"z":-9.538835525512696},"rotation":{"x":-0.34822502732276919,"y":-0.5048843622207642,"z":0.2329876571893692,"w":-0.754713773727417},"size":48.34276580810547,"orthographic":false}