{"cameraMode":{"drawMode":0,"name":"Shaded","section":"Shading Mode"},"sceneLighting":false,"audioPlay":false,"sceneViewState":{"showFog":true,"showMaterialUpdate":true,"showSkybox":false,"showFlares":true,"showImageEffects":true,"showParticleSystems":true},"in2DMode":false,"pivot":{"x":0.5443850755691528,"y":0.5969046354293823,"z":1.4956659078598023},"rotation":{"x":-0.11311252415180206,"y":0.1288754791021347,"z":-0.01470867544412613,"w":-0.9851070642471314},"size":1.0693598985671998,"orthographic":false}