{"cameraMode":{"drawMode":0,"name":"Shaded","section":"Shading Mode"},"sceneLighting":false,"audioPlay":false,"sceneViewState":{"showFog":true,"showMaterialUpdate":true,"showSkybox":false,"showFlares":true,"showImageEffects":true,"showParticleSystems":true},"in2DMode":false,"pivot":{"x":-1.6701680421829224,"y":0.10001864284276962,"z":-3.7590365409851076},"rotation":{"x":0.010195634327828884,"y":-0.9855490326881409,"z":0.15683229267597199,"w":0.06378013640642166},"size":1.0487322807312012,"orthographic":false}