{"cameraMode":{"drawMode":0,"name":"Shaded","section":"Shading Mode"},"sceneLighting":false,"audioPlay":false,"sceneViewState":{"showFog":true,"showMaterialUpdate":true,"showSkybox":false,"showFlares":true,"showImageEffects":true,"showParticleSystems":true},"in2DMode":false,"pivot":{"x":-1.6701680421829224,"y":0.10001864284276962,"z":-3.7590365409851076},"rotation":{"x":-0.026948152109980584,"y":-0.935076892375946,"z":0.34590962529182436,"w":-0.0729750245809555},"size":0.448731929063797,"orthographic":false}