{"cameraMode":{"drawMode":0,"name":"Shaded","section":"Shading Mode"},"sceneLighting":true,"audioPlay":false,"sceneViewState":{"showFog":true,"showMaterialUpdate":true,"showSkybox":true,"showFlares":true,"showImageEffects":true,"showParticleSystems":true},"in2DMode":false,"pivot":{"x":2.992051124572754,"y":3.0,"z":3.2239437103271486},"rotation":{"x":0.10765960067510605,"y":0.8369312882423401,"z":-0.5062207579612732,"w":0.17862603068351746},"size":7.370449542999268,"orthographic":false}