{"cameraMode":{"drawMode":0,"name":"Shaded","section":"Shading Mode"},"sceneLighting":false,"audioPlay":false,"sceneViewState":{"showFog":true,"showMaterialUpdate":true,"showSkybox":false,"showFlares":true,"showImageEffects":true,"showParticleSystems":true},"in2DMode":false,"pivot":{"x":-46.18981170654297,"y":10.694952011108399,"z":-4.374314308166504},"rotation":{"x":0.006663861218839884,"y":0.8825954794883728,"z":-0.46998563408851626,"w":0.012619992718100548},"size":1.5505149364471436,"orthographic":false}