{"cameraMode":{"drawMode":0,"name":"Shaded","section":"Shading Mode"},"sceneLighting":true,"audioPlay":false,"sceneViewState":{"showFog":true,"showMaterialUpdate":true,"showSkybox":true,"showFlares":true,"showImageEffects":true,"showParticleSystems":true},"in2DMode":false,"pivot":{"x":-5.015379428863525,"y":3.2618796825408937,"z":-8.67459774017334},"rotation":{"x":-0.48609423637390139,"y":0.057513851672410968,"z":-0.03205493092536926,"w":-0.8714480400085449},"size":14.396575927734375,"orthographic":false}