{"cameraMode":{"drawMode":0,"name":"Shaded","section":"Shading Mode"},"sceneLighting":false,"audioPlay":false,"sceneViewState":{"showFog":true,"showMaterialUpdate":true,"showSkybox":false,"showFlares":true,"showImageEffects":true,"showParticleSystems":true},"in2DMode":false,"pivot":{"x":1.862645149230957e-8,"y":-0.028098106384277345,"z":-0.05924780294299126},"rotation":{"x":-0.2392834722995758,"y":-0.666138768196106,"z":0.24025698006153108,"w":-0.664432168006897},"size":0.0731034129858017,"orthographic":false}