{"cameraMode":{"drawMode":0,"name":"Shaded","section":"Shading Mode"},"sceneLighting":true,"audioPlay":false,"sceneViewState":{"showFog":true,"showMaterialUpdate":true,"showSkybox":true,"showFlares":true,"showImageEffects":true,"showParticleSystems":true},"in2DMode":false,"pivot":{"x":-64.29513549804688,"y":27.364086151123048,"z":25.22861099243164},"rotation":{"x":0.11288008838891983,"y":0.3492763340473175,"z":-0.04252660274505615,"w":0.9292935729026794},"size":24.00103759765625,"orthographic":false}