{"cameraMode":{"drawMode":0,"name":"Shaded","section":"Shading Mode"},"sceneLighting":false,"audioPlay":false,"sceneViewState":{"showFog":true,"showMaterialUpdate":true,"showSkybox":false,"showFlares":true,"showImageEffects":true,"showParticleSystems":true},"in2DMode":false,"pivot":{"x":-1.9714466333389283,"y":0.2259027361869812,"z":-3.3736486434936525},"rotation":{"x":-0.2285487949848175,"y":-0.6468631029129028,"z":0.21257759630680085,"w":-0.6958916187286377},"size":0.34624382853507998,"orthographic":false}