{"cameraMode":{"drawMode":0,"name":"Shaded","section":"Shading Mode"},"sceneLighting":false,"audioPlay":false,"sceneViewState":{"showFog":true,"showMaterialUpdate":true,"showSkybox":false,"showFlares":true,"showImageEffects":true,"showParticleSystems":true},"in2DMode":false,"pivot":{"x":-0.3319246172904968,"y":5.912240982055664,"z":0.340820848941803},"rotation":{"x":0.1022157371044159,"y":-0.8969149589538574,"z":0.3277410864830017,"w":0.27898499369621279},"size":0.9662940502166748,"orthographic":false}